epoch,train_loss,test_loss,learning_rate,train_acc,test_acc,training_time,testing_time
1,1.784,1.541,0.01,30.80,43.76,0:01:00.675172,0:00:02.212853
2,1.491,1.397,0.009999383162408303,44.49,50.27,0:01:00.155951,0:00:02.220617
3,1.373,1.417,0.009997532801828657,49.64,49.76,0:00:59.595965,0:00:02.205377
4,1.273,1.241,0.00999444937480985,53.96,56.44,0:00:59.669184,0:00:02.216581
5,1.217,1.249,0.009990133642141357,56.68,57.50,0:00:59.736671,0:00:02.236177
6,1.160,1.075,0.009984586668665639,58.64,62.84,0:00:59.940377,0:00:02.237765
7,1.122,1.022,0.009977809823015398,60.31,64.85,0:00:59.745026,0:00:02.212036
8,1.094,0.992,0.009969804777275897,61.36,66.43,0:00:59.622641,0:00:02.213528
9,1.073,0.991,0.009960573506572387,62.04,66.62,0:00:59.566225,0:00:02.214308
10,1.048,0.991,0.009950118288582784,63.14,66.93,0:00:59.695564,0:00:02.214012
11,1.029,1.076,0.009938441702975684,64.22,64.23,0:00:59.629702,0:00:02.198408
12,0.999,1.003,0.009925546630773864,65.09,66.64,0:00:59.829234,0:00:02.230423
13,0.978,1.010,0.009911436253643439,66.45,65.77,0:00:59.871958,0:00:02.226112
14,0.965,0.993,0.009896114053108824,66.64,67.35,0:01:00.497098,0:00:02.210630
15,0.953,1.161,0.009879583809693733,67.51,61.97,0:00:59.633374,0:00:02.202988
16,0.937,0.873,0.009861849601988378,67.79,71.28,0:00:59.654202,0:00:02.212219
17,0.919,0.883,0.00984291580564315,68.39,70.75,0:00:59.588238,0:00:02.189583
18,0.911,0.963,0.009822787092288985,68.93,68.39,0:00:59.599469,0:00:02.201061
19,0.901,0.886,0.00980146842838471,69.23,71.75,0:00:59.938423,0:00:02.240470
20,0.894,1.054,0.009778965073991645,69.53,64.46,0:00:59.930233,0:00:02.207768
21,0.884,0.919,0.009755282581475762,69.95,69.83,0:00:59.896805,0:00:02.229429
22,0.878,0.871,0.00973042679413772,70.06,71.06,0:00:59.973844,0:00:02.199068
23,0.874,0.949,0.00970440384477112,70.39,69.58,0:01:00.060463,0:00:02.274470
24,0.860,0.835,0.00967722015414933,70.95,72.99,0:00:59.803063,0:00:02.249222
25,0.854,0.848,0.00964888242944125,71.03,72.75,0:01:00.112886,0:00:02.205713
26,0.852,0.804,0.009619397662556426,71.14,73.46,0:01:00.102615,0:00:02.243241
27,0.847,0.818,0.009588773128419898,71.47,73.36,0:01:00.085538,0:00:02.204247
28,0.837,0.955,0.009557016383177219,71.73,69.40,0:00:59.700023,0:00:02.322510
29,0.838,1.030,0.009524135262330091,71.65,65.73,0:00:59.686310,0:00:02.195707
30,0.833,0.854,0.009490137878803071,71.92,72.61,0:00:59.632458,0:00:02.196621
31,0.826,0.807,0.009455032620941833,72.24,73.86,0:00:59.729046,0:00:02.208482
32,0.823,0.766,0.009418828150443462,72.37,76.02,0:00:59.591854,0:00:02.214242
33,0.823,0.823,0.009381533400219312,72.32,73.32,0:00:59.725181,0:00:02.200171
34,0.818,0.805,0.00934315757219095,72.58,74.64,0:00:59.634018,0:00:02.204535
35,0.812,0.796,0.009303710135019712,72.58,74.61,0:00:59.730299,0:00:02.231473
36,0.804,0.798,0.009263200821770455,72.86,73.92,0:00:59.800715,0:00:02.221947
37,0.803,0.790,0.009221639627510068,72.77,74.73,0:00:59.764227,0:00:02.227416
38,0.803,0.801,0.009179036806841345,73.10,74.75,0:00:59.530459,0:00:02.198631
39,0.799,0.850,0.009135402871372801,73.13,72.83,0:00:59.844631,0:00:02.234451
40,0.796,0.786,0.00909074858712511,73.07,75.02,0:00:59.917925,0:00:02.222287
41,0.791,0.751,0.00904508497187473,73.35,76.01,0:00:59.922813,0:00:02.227929
42,0.795,0.817,0.008998423292435446,73.28,73.63,0:00:59.828829,0:00:02.224838
43,0.788,0.775,0.008950775061878443,73.56,75.08,0:01:00.573077,0:00:02.225136
44,0.788,0.779,0.008902152036691641,73.61,75.80,0:00:59.866830,0:00:02.228410
45,0.784,0.803,0.008852566213878938,73.76,73.66,0:00:59.581658,0:00:02.196166
46,0.783,0.719,0.008802029828000147,73.73,77.11,0:00:59.538178,0:00:02.207630
47,0.778,0.766,0.00875055534815229,73.95,75.51,0:00:59.636865,0:00:02.202269
48,0.777,0.743,0.008698155474893039,73.78,76.51,0:00:59.729257,0:00:02.227237
49,0.779,0.739,0.008644843137107049,73.77,76.62,0:00:59.939398,0:00:02.202259
50,0.774,0.783,0.008590631488815935,74.15,74.48,0:00:59.863426,0:00:02.205690
51,0.771,0.718,0.008535533905932728,74.13,77.16,0:00:59.999461,0:00:02.244348
52,0.768,0.830,0.008479563982961562,74.19,73.13,0:01:00.047513,0:00:02.237665
53,0.765,0.728,0.008422735529643434,74.48,77.26,0:00:59.957370,0:00:02.214521
54,0.767,0.789,0.008365062567548856,74.62,74.62,0:00:59.867307,0:00:02.193634
55,0.766,0.741,0.00830655932661825,74.51,76.18,0:00:59.962864,0:00:02.196938
56,0.766,0.735,0.008247240241650909,74.24,76.92,0:00:59.730556,0:00:02.220423
57,0.759,0.677,0.00818711994874344,74.78,78.81,0:00:59.810219,0:00:02.332394
58,0.749,0.676,0.008126213281678518,75.10,78.87,0:00:59.989964,0:00:02.237993
59,0.753,0.691,0.008064535268264873,74.82,78.19,0:00:59.966455,0:00:02.232008
60,0.751,0.779,0.008002101126629411,75.05,75.21,0:00:59.891113,0:00:02.228464
61,0.750,0.710,0.007938926261462358,75.25,77.14,0:00:59.871341,0:00:02.226936
62,0.745,0.682,0.007875026260216385,75.37,79.25,0:00:59.879449,0:00:02.234665
63,0.754,0.744,0.007810416889260647,75.05,76.10,0:00:59.902601,0:00:02.219474
64,0.743,0.755,0.007745114089990651,75.21,76.64,0:00:59.955004,0:00:02.232252
65,0.742,0.938,0.007679133974894975,75.20,70.14,0:00:59.977969,0:00:02.222235
66,0.744,0.723,0.007612492823579737,75.23,77.30,0:00:59.787248,0:00:02.189142
67,0.741,0.731,0.00754520707875185,75.49,76.70,0:00:59.821134,0:00:02.220848
68,0.739,0.701,0.007477293342162032,75.58,78.15,0:00:59.917263,0:00:02.233343
69,0.733,0.710,0.00740876837050857,75.62,77.88,0:00:59.723065,0:00:02.193678
70,0.735,0.686,0.007339649071302861,75.75,78.72,0:00:59.898572,0:00:02.223954
71,0.727,0.740,0.007269952498697728,76.08,76.62,0:00:59.950090,0:00:02.217810
72,0.727,0.669,0.007199695849279568,76.01,79.12,0:01:00.624776,0:00:02.196273
73,0.733,0.761,0.0071288964578253575,75.74,75.50,0:00:59.641385,0:00:02.196709
74,0.729,0.677,0.007057571793025539,75.69,79.03,0:00:59.649662,0:00:02.193496
75,0.729,0.691,0.006985739453173897,75.75,78.00,0:00:59.825786,0:00:02.219248
76,0.724,0.677,0.006913417161825444,75.91,78.65,0:00:59.922143,0:00:02.226718
77,0.720,0.674,0.0068406227634233855,76.18,78.60,0:00:59.933141,0:00:02.214629
78,0.718,0.671,0.006767374218896281,76.31,78.89,0:00:59.929878,0:00:02.224154
79,0.722,0.718,0.006693689601226453,76.18,77.83,0:01:00.019000,0:00:02.220272
80,0.713,0.699,0.006619587090990743,76.52,77.76,0:00:59.805206,0:00:02.225708
81,0.714,0.715,0.006545084971874733,76.33,77.64,0:00:59.862665,0:00:02.192924
82,0.715,0.687,0.006470201626161516,76.44,78.73,0:00:59.880833,0:00:02.204158
83,0.711,0.684,0.006394955530196143,76.70,79.01,0:01:00.180072,0:00:02.217478
84,0.710,0.666,0.00631936524982686,76.84,79.88,0:00:59.976618,0:00:02.217475
85,0.708,0.694,0.00624344943582427,76.74,77.79,0:00:59.888309,0:00:02.219226
86,0.708,0.656,0.006167226819279525,76.77,79.32,0:00:59.728597,0:00:02.307558
87,0.707,0.721,0.006090716206982711,76.59,77.39,0:00:59.696336,0:00:02.215656
88,0.698,0.716,0.006013936476782561,77.11,77.29,0:00:59.654197,0:00:02.233816
89,0.701,0.700,0.005936906572928622,76.85,78.66,0:00:59.867584,0:00:02.215880
90,0.703,0.690,0.005859645501397045,76.95,78.51,0:00:59.650557,0:00:02.217674
91,0.694,0.685,0.005782172325201152,77.22,77.83,0:00:59.635577,0:00:02.202229
92,0.697,0.676,0.005704506159687911,77.28,78.96,0:00:59.778349,0:00:02.217282
93,0.696,0.676,0.0056266661678215195,77.03,78.74,0:00:59.871252,0:00:02.228480
94,0.690,0.636,0.005548671555455224,77.37,80.35,0:00:59.881372,0:00:02.202894
95,0.686,0.647,0.0054705415665925695,77.19,80.15,0:00:59.926448,0:00:02.218833
96,0.692,0.685,0.005392295478639223,77.33,78.58,0:00:59.610964,0:00:02.216770
97,0.691,0.636,0.005313952597646565,77.42,80.57,0:00:59.906781,0:00:02.223987
98,0.682,0.660,0.00523553225354821,77.67,79.61,0:00:59.893999,0:00:02.217081
99,0.683,0.666,0.005157053795390639,77.79,79.15,0:00:59.929067,0:00:02.220373
100,0.681,0.655,0.005078536586559101,77.94,79.76,0:00:59.699996,0:00:02.193809
101,0.683,0.644,0.004999999999999997,77.65,80.13,0:01:00.434274,0:00:02.192354
102,0.675,0.644,0.004921463413440894,78.04,79.62,0:00:59.598200,0:00:02.204493
103,0.680,0.707,0.004842946204609355,77.54,77.99,0:00:59.603819,0:00:02.199928
104,0.679,0.670,0.004764467746451784,77.81,79.33,0:00:59.614336,0:00:02.199038
105,0.672,0.635,0.00468604740235343,78.07,80.21,0:00:59.874854,0:00:02.219806
106,0.675,0.656,0.004607704521360773,77.79,79.54,0:00:59.908247,0:00:02.231692
107,0.674,0.648,0.0045294584334074255,77.87,79.92,0:01:00.008475,0:00:02.218975
108,0.665,0.648,0.004451328444544771,78.32,80.04,0:01:00.114265,0:00:02.240325
109,0.675,0.618,0.004373333832178476,77.80,81.04,0:01:00.032217,0:00:02.206554
110,0.667,0.697,0.004295493840312086,78.02,78.08,0:01:00.085999,0:00:02.223965
111,0.668,0.618,0.004217827674798844,78.24,81.00,0:00:59.905589,0:00:02.295915
112,0.660,0.602,0.00414035449860295,78.39,81.65,0:01:00.048963,0:00:02.235953
113,0.662,0.653,0.004063093427071376,78.50,79.75,0:00:59.979529,0:00:02.202079
114,0.657,0.615,0.003986063523217437,78.47,81.20,0:01:00.005379,0:00:02.195639
115,0.658,0.621,0.003909283793017288,78.72,81.14,0:01:00.064054,0:00:02.229979
116,0.652,0.615,0.0038327731807204714,78.76,81.43,0:00:59.959809,0:00:02.232620
117,0.655,0.610,0.003756550564175725,78.76,81.41,0:00:59.997218,0:00:02.225503
118,0.651,0.605,0.0036806347501731345,78.94,81.35,0:00:59.872535,0:00:02.193218
119,0.653,0.617,0.003605044469803853,78.78,81.03,0:00:59.870275,0:00:02.228821
120,0.652,0.637,0.00352979837383848,78.74,80.52,0:00:59.642065,0:00:02.195810
121,0.646,0.651,0.0034549150281252636,78.90,79.69,0:00:59.777402,0:00:02.217286
122,0.650,0.608,0.0033804129090092517,78.93,81.69,0:00:59.866671,0:00:02.226727
123,0.643,0.614,0.003306310398773542,79.11,81.63,0:00:59.600765,0:00:02.199163
124,0.641,0.632,0.003232625781103714,79.29,80.92,0:00:59.493567,0:00:02.190449
125,0.640,0.618,0.0031593772365766104,79.39,80.77,0:00:59.524763,0:00:02.200662
126,0.636,0.621,0.0030865828381745515,79.29,81.10,0:00:59.599802,0:00:02.226312
127,0.635,0.647,0.0030142605468260956,79.44,80.02,0:00:59.718180,0:00:02.194926
128,0.637,0.619,0.0029424282069744553,79.35,80.93,0:00:59.570893,0:00:02.202655
129,0.633,0.588,0.002871103542174636,79.60,82.29,0:00:59.790493,0:00:02.236469
130,0.629,0.624,0.0028003041507204235,79.71,80.96,0:01:00.678268,0:00:02.193637
131,0.632,0.604,0.002730047501302266,79.60,81.37,0:00:59.649440,0:00:02.198087
132,0.630,0.592,0.0026603509286971336,79.69,82.12,0:00:59.724106,0:00:02.200617
133,0.627,0.607,0.0025912316294914224,79.78,81.27,0:00:59.603268,0:00:02.195531
134,0.624,0.603,0.0025227066578379616,79.88,82.10,0:00:59.839647,0:00:02.218773
135,0.620,0.586,0.0024547929212481432,79.77,82.36,0:00:59.685621,0:00:02.211262
136,0.623,0.588,0.0023875071764202557,79.71,81.82,0:00:59.954653,0:00:02.220709
137,0.618,0.597,0.0023208660251050153,80.19,81.64,0:00:59.988843,0:00:02.229689
138,0.616,0.590,0.0022548859100093403,80.12,81.87,0:01:00.054968,0:00:02.198296
139,0.617,0.591,0.0021895831107393462,80.22,81.80,0:00:59.850269,0:00:02.194728
140,0.613,0.589,0.002124973739783607,80.22,82.45,0:00:59.890484,0:00:02.207030
141,0.615,0.584,0.0020610737385376348,80.22,82.43,0:01:00.058137,0:00:02.225060
142,0.610,0.584,0.0019978988733705804,80.38,82.26,0:01:00.003813,0:00:02.199851
143,0.613,0.576,0.001935464731735117,80.19,82.80,0:00:59.843683,0:00:02.201038
144,0.609,0.582,0.0018737867183214738,80.29,81.94,0:00:59.715017,0:00:02.323979
145,0.608,0.566,0.001812880051256551,80.46,82.89,0:00:59.658208,0:00:02.213678
146,0.603,0.551,0.001752759758349082,80.69,83.05,0:00:59.727340,0:00:02.217631
147,0.599,0.571,0.0016934406733817413,80.79,82.53,0:00:59.593720,0:00:02.206998
148,0.601,0.564,0.0016349374324511328,80.71,82.79,0:00:59.620840,0:00:02.202629
149,0.595,0.577,0.0015772644703565563,81.02,82.45,0:00:59.662332,0:00:02.197782
150,0.598,0.576,0.0015204360170384284,80.77,82.63,0:00:59.600849,0:00:02.204699
151,0.595,0.565,0.0014644660940672626,80.95,83.20,0:00:59.569657,0:00:02.206596
152,0.592,0.572,0.0014093685111840565,81.11,82.90,0:00:59.631737,0:00:02.201235
153,0.588,0.550,0.0013551568628929432,81.07,83.53,0:00:59.860224,0:00:02.237170
154,0.584,0.565,0.001301844525106951,81.18,82.79,0:00:59.851873,0:00:02.221296
155,0.587,0.570,0.0012494446518477018,81.13,82.87,0:00:59.887452,0:00:02.225335
156,0.582,0.551,0.0011979701719998452,81.44,83.39,0:00:59.755352,0:00:02.226124
157,0.584,0.544,0.001147433786121054,81.43,83.67,0:00:59.876463,0:00:02.234293
158,0.583,0.551,0.001097847963308352,81.44,83.54,0:00:59.905623,0:00:02.229338
159,0.576,0.547,0.0010492249381215478,81.65,83.65,0:01:00.539705,0:00:02.209103
160,0.579,0.535,0.001001576707564547,81.61,84.14,0:00:59.704331,0:00:02.212391
161,0.572,0.549,0.0009549150281252633,81.82,83.87,0:00:59.641419,0:00:02.194732
162,0.571,0.550,0.0009092514128748835,81.81,83.18,0:00:59.558730,0:00:02.199017
163,0.574,0.542,0.0008645971286271914,81.76,84.11,0:00:59.594668,0:00:02.200164
164,0.569,0.550,0.0008209631931586497,81.83,83.42,0:00:59.637733,0:00:02.223404
165,0.567,0.548,0.0007783603724899257,81.88,83.72,0:01:00.030375,0:00:02.224682
166,0.564,0.536,0.0007367991782295402,82.14,84.04,0:00:59.947363,0:00:02.247743
167,0.559,0.526,0.0006962898649802812,82.06,83.84,0:00:59.920377,0:00:02.226379
168,0.562,0.532,0.0006568424278090434,82.24,84.09,0:00:59.907373,0:00:02.206714
169,0.566,0.531,0.0006184665997806821,82.01,84.54,0:00:59.977039,0:00:02.245718
170,0.565,0.539,0.0005811718495565327,82.18,84.23,0:01:00.170820,0:00:02.225581
171,0.558,0.527,0.0005449673790581611,81.94,84.59,0:01:00.023981,0:00:02.228752
172,0.556,0.538,0.0005098621211969223,82.39,84.09,0:01:00.111228,0:00:02.232752
173,0.559,0.528,0.0004758647376699032,82.37,84.42,0:00:59.952550,0:00:02.295729
174,0.558,0.529,0.00044298361682277464,82.40,84.30,0:00:59.715010,0:00:02.223753
175,0.557,0.527,0.0004112268715800954,82.39,84.04,0:00:59.974898,0:00:02.221773
176,0.550,0.527,0.0003806023374435674,82.55,84.19,0:00:59.951687,0:00:02.231671
177,0.553,0.528,0.00035111757055874323,82.71,84.34,0:00:59.988165,0:00:02.226145
178,0.548,0.519,0.0003227798458506631,82.70,84.99,0:00:59.836491,0:00:02.229969
179,0.550,0.529,0.0002955961552288727,82.63,84.51,0:00:59.937501,0:00:02.193373
180,0.547,0.522,0.00026957320586227347,82.61,84.52,0:00:59.772805,0:00:02.225977
181,0.543,0.523,0.0002447174185242323,82.95,84.80,0:00:59.792733,0:00:02.199946
182,0.549,0.519,0.00022103492600834934,82.64,84.62,0:00:59.588641,0:00:02.194822
183,0.544,0.519,0.0001985315716152852,82.88,84.72,0:00:59.604817,0:00:02.201190
184,0.546,0.521,0.00017721290771101014,82.61,84.65,0:00:59.635650,0:00:02.200352
185,0.541,0.517,0.00015708419435684514,83.10,84.86,0:00:59.980548,0:00:02.229686
186,0.541,0.517,0.0001381503980116172,82.92,84.70,0:00:59.940369,0:00:02.220029
187,0.540,0.517,0.00012041619030626336,82.87,84.83,0:00:59.874884,0:00:02.195862
188,0.540,0.516,0.00010388594689117068,82.96,84.73,0:01:00.399042,0:00:02.198033
189,0.542,0.518,8.856374635655638e-05,82.76,84.55,0:00:59.893408,0:00:02.224389
190,0.534,0.524,7.445336922613064e-05,83.00,84.57,0:00:59.867665,0:00:02.193111
191,0.536,0.518,6.155829702431169e-05,83.18,84.65,0:00:59.739037,0:00:02.217150
192,0.537,0.516,4.988171141721231e-05,83.12,84.88,0:00:59.881841,0:00:02.216289
193,0.537,0.516,3.9426493427611173e-05,83.03,84.72,0:00:59.700741,0:00:02.195265
194,0.536,0.522,3.0195222724102018e-05,83.11,84.80,0:00:59.778726,0:00:02.194304
195,0.537,0.520,2.2190176984600013e-05,83.03,84.81,0:00:59.866804,0:00:02.246862
196,0.534,0.515,1.5413331334360176e-05,83.00,84.82,0:01:00.073828,0:00:02.193607
197,0.534,0.516,9.866357858642203e-06,83.24,84.50,0:00:59.816837,0:00:02.226243
198,0.538,0.517,5.5506251901504804e-06,83.17,84.77,0:00:59.884023,0:00:02.210948
199,0.532,0.511,2.467198171341999e-06,83.31,84.98,0:01:00.039614,0:00:02.218282
200,0.537,0.517,6.168375916970613e-07,83.01,84.91,0:00:59.973836,0:00:02.190095
